Id,First_Name,Last_Name,Email,Salary
0ffe3d38-4bd0-4c70-b271-be069b6c9e60,Sheryl,Baxter,zunigavanessa@smith.info,293109.44
7b0a853a-740a-4118-97e0-ed592b5379e7,Preston,Lozano,vmata@colon.com,271896.64
fbcba058-22df-4c94-8eff-352fb06aff63,Roy,Berry,beckycarr@hogan.com,263992.23
5d70888c-39c6-490d-98ad-bb58889dd827,Linda,Olsen,stanleyblackwell@benson.org,361002.76
b7292d78-d89e-4c49-86e6-3c17a6bbb995,Joanna,Bender,colinalvarado@miles.net,256083.56
08b59c43-1f35-44c6-8fa6-64a9751f202a,Aimee,Downs,louis27@gilbert.com,34445.26
57327144-b6ca-488d-9506-07dddeaf5e7a,Darren,Peck,tgates@cantrell.com,331572.57
fde8587b-5d74-4a9c-89c6-6f4cf5fd4c5c,Brett,Mullen,asnow@colon.com,355826.19
a036d322-cc31-401b-875d-f711e853d5c9,Sheryl,Meyers,mariokhan@ryan-pope.org,323241.5
c0d1077b-eddb-4a91-8cb4-acaf624b872f,Michelle,Gallagher,mdyer@escobar.net,280814.49
d89d09b6-1920-4cda-9c29-1313e0efda20,Carl,Schroeder,kirksalas@webb.com,325091.62
06d9569e-09d4-4fa3-8842-9d02c9f1480a,Jenna,Dodson,mark42@robbins.com,71087.03
b1bc076a-e457-4d2c-906b-808c0881dec6,Tracey,Mata,alex56@walls.org,37536.15
aa2a0927-8564-429d-9720-ccb48b5f6bbf,Kristine,Cox,holdenmiranda@clarke.com,125662.17
8b48c469-e479-48ef-a30a-a29a0c82a869,Faith,Lutz,cassieparrish@blevins-chapman.net,387167.68
f9fbe6ba-07a1-4090-830d-b0825523abc1,Miranda,Beasley,vduncan@parks-hardy.com,182569.82
665f4847-529a-48a0-a164-2dc66124733c,Caroline,Foley,holtgwendolyn@watson-davenport.com,259874.86
ace2fc2d-5366-433e-9762-72b2c1d92f96,Greg,Mata,jaredjuarez@carroll.org,153350.49
348ac017-df2d-4290-aa59-a5217ff8d7ef,Clifford,Jacobson,joseph26@jacobson.com,198093.78
4ce5eda2-8bc5-4492-8692-f3f40d369c8f,Joanna,Kirk,tuckerangie@salazar.net,144241.94
6d9be1f7-a38d-4ec1-a27c-66325cedde14,Maxwell,Frye,fgibson@drake-webb.com,392580.72
c38e02c6-774a-4530-ace1-01023d64cd5b,Kiara,Houston,blanchardbob@wallace-shannon.com,40048.54
90c9a3c4-5dd5-442d-8ee5-2850dce664bf,Colleen,Howard,rsingleton@ryan-cherry.com,104269.11
210069e5-7c6f-4fc9-a9fa-243b44b841d9,Janet,Valenzuela,stefanie71@spence.com,265190.63
3c6a86d2-1202-4451-9e53-f386950b6995,Shane,Wilcox,mariah88@santos.com,255778.17
5e090379-8a68-421e-b166-25f27ef2b201,Marcus,Moody,donnamullins@norris-barrett.org,367607.09
604eaa82-5058-4ce2-b2f0-d05b7c1d7c63,Dakota,Poole,stacey67@fields.org,102500.73
418aa141-cac1-476d-9831-ae2571de4909,Frederick,Harper,jacobkhan@bright.biz,285229.42
d0010554-dbc0-41b1-b708-1e4df4d4e00b,Stefanie,Fitzpatrick,wterrell@clark.com,317991.85
cf1642cf-434f-44d8-8118-ee2433c2e509,Kent,Bradshaw,qjimenez@boyd.com,172909.64
53e9558b-672f-4a4f-a845-ba498adae00d,Jack,Tate,gfigueroa@boone-zavala.com,394597.43
ac1f2d4d-794a-4d58-a5b1-bc980d353881,Tom,Trujillo,tapiagreg@beard.info,69083.62
1acadda5-d9ae-43fe-80e1-ce67c89590fc,Gabriel,Mejia,coleolson@jennings.net,121940.8
15c8ffe0-8504-4611-9823-00f9e8e59446,Kaitlyn,Santana,georgeross@miles.org,47921.74
ecaa27a6-931a-4ec2-a014-9824c9b1d73f,Faith,Moon,willistonya@randolph-baker.com,205395.57
0f5c6fd1-a6e8-4326-948a-cf82bc71d852,Tammie,Haley,harrisisaiah@jenkins.com,391655.29
64347749-3727-46fa-8345-f2429e39d087,Nicholas,Sosa,fwolfe@dorsey.com,340435.83
74077fdc-23c3-4ce9-b38f-a20bb691d92f,Jordan,Gay,tiffanydavies@harris-mcfarland.org,389628.57
2052c4be-d83f-4fe2-ac58-761c900c82c9,Bruce,Esparza,preese@frye-vega.com,79506.1
68b7b361-0367-4393-9db6-fd92ac7adae5,Sherry,Garza,ann48@miller.com,194428.36
9443f3ca-af87-46c8-9b60-e2216d51ba76,Natalie,Gentry,tcummings@fitzpatrick-ashley.com,367055.61
efd9bef5-e7b3-49c2-95cb-1a37449be4af,Bryan,Dunn,woodwardandres@phelps.com,130024.11
a3834012-e6c7-4a61-9510-04d1f40e2a13,Wayne,Simpson,barbarapittman@holder.com,63186.12
e3f8e47e-efe7-4a96-8d24-ace43b99c903,Luis,Greer,bstuart@williamson-mcclure.com,299328.03
1378ffba-f2ff-4a5a-99fb-fc7fef417b04,Rhonda,Frost,zkrueger@wolf-chavez.net,103648.16
6222dbba-54ec-4065-ac35-b43e5d085836,Joanne,Montes,juan80@henson.net,367748.35
4f323a9a-e1ee-404c-9cc4-15499e6c7b7b,Geoffrey,Guzman,bauercrystal@gay.com,95682.59
06ea1c4d-954e-4881-aa19-0217848be408,Gloria,Mccall,bartlettjenna@zuniga-moss.biz,182324.49
57489f86-e992-43d7-9c15-d024c58d7614,Brady,Cohen,mccalltyrone@durham-rose.biz,352516.87
36a62c03-eff6-492a-8500-6d5545797c2f,Latoya,Mccann,bobhammond@barry.biz,346284.09
b37d8bad-93ec-45c8-83ad-3206f33d83ed,Gerald,Hawkins,uwarner@steele-arias.com,74197.38
5c3f024a-b201-476d-86ec-5baacd639c6e,Samuel,Crawford,xpittman@ritter-carney.net,42602.77
f25439ab-b620-4c4e-8606-a4d8f963592c,Patricia,Goodwin,vaughanchristy@lara.biz,55943.42
568aa114-8663-4a6c-97f5-904838cddf1c,Stacie,Richard,clinton85@colon-arias.org,355281.89
02dc398e-515c-4e04-8b17-00912001a0fc,Robin,West,greenemiranda@zimmerman.com,176836.9
a0cc6ad1-71ae-4002-b58b-f0aaba918f20,Ralph,Haas,goodmancesar@figueroa.biz,324400.84
73fcfba9-375a-44e7-bc77-e71429925471,Phyllis,Maldonado,yhanson@warner-diaz.org,114564.48
c092c3ea-266f-48d3-a2f0-5ab7003d91ab,Danny,Parrish,howelldarren@house-cohen.com,185812.55
ddd43a20-ea43-4762-bd75-9870f9c75c7d,Kathy,Hill,ncamacho@boone-simmons.org,321515.03
45d6a942-4d64-4cc1-a084-5fe8c5bed985,Kelli,Hardy,kristopher62@oliver.com,253033.72
6c523408-190e-4eb0-a8bf-67db98915587,Lynn,Pham,mpham@rios-guzman.com,219254.99
580a486c-0ea4-44c5-a0ac-636e306fa9eb,Shelley,Harris,zachary96@mitchell-bryant.org,117466.33
0097c015-1f1f-48d2-aaac-630f7fdf08f9,Eddie,Jimenez,kristiwhitney@bernard.com,368753.91
0a8750de-9240-4d74-9124-ad4e4debe26a,Chloe,Hutchinson,leah85@sutton-terrell.com,77698.05
b5a2e47f-d7cb-40ae-befa-5b1cb45bf2ae,Eileen,Lynch,levigiles@vincent.com,399206.91
d2c94616-5079-45ec-bcd2-bd00a02ae244,Fernando,Lambert,fisherlinda@schaefer.net,283092.73
8ee08c31-5236-4e25-b299-66d535f8328f,Makayla,Cannon,scottcurtis@hurley.biz,302334.57
ea1575df-68bb-4bba-8284-502f75fd1b14,Tom,Alvarado,nicholsonnina@montgomery.info,135842.96
9d313139-056b-41d4-a003-27f5b1c6e761,Virginia,Dudley,zvalencia@phelps.com,318877.96
c732e5d2-71d7-4958-96b9-3df31489e75a,Riley,Good,alex06@galloway.com,353138.99
484e4087-1357-427f-a005-16d36487b8bb,Alexandria,Buck,lee48@manning.com,243861.06
db59afdf-7a4a-41fa-b4d7-ee4b7fdf7273,Richard,Roth,aharper@maddox-townsend.org,205003.5
554f231a-0bee-4d0b-908e-60555291ce74,Candice,Keller,buckleycory@odonnell.net,292728.44
f01d3a8e-5ba9-4c8a-81fc-7b1eddef42a0,Anita,Benson,angie04@oconnell.com,283065.29
59185e30-21db-4916-813c-ed3b5db67766,Regina,Stein,zrosario@rojas-hardin.net,48114.59
5af2cd62-73b0-4488-8bdb-c3d1641d419d,Debra,Riddle,shieldskerry@robles.com,164032.62
c24f9c98-4372-4993-9dbf-ae6d2113dd30,Brittany,Zuniga,mchandler@cochran-huerta.org,307242.81
05120c6c-bbd9-44a3-952f-81e2d6ee149e,Cassidy,Mcmahon,katrinalane@fitzgerald.com,341666.6
24d692d7-0eec-46a6-b430-fffdca2908d4,Laurie,Pennington,cookejill@powell.com,241727.3
d4f7acf2-0cda-41ef-97aa-e3721c4c58e1,Alejandro,Blair,elizabethbarr@ewing.com,386272.34
d93d11e2-02a7-44de-a8f7-e3c05fb05677,Leslie,Jennings,corey75@wiggins.com,309066.06
95f2dc74-753f-4425-beeb-de56e29a9899,Kathleen,Mckay,chloelester@higgins-wilkinson.com,320268.26
c863f97d-556a-4a99-80a0-83b83edf0420,Hunter,Moreno,isaac26@benton-finley.com,76159.14
d141879a-406b-4c49-b88f-f5d6aa0c5d32,Chad,Davidson,justinwalters@jimenez.com,130305.01
e8de4297-c1e4-4582-91f0-d504db137a4c,Corey,Holt,maurice46@morgan.com,66768.32
73fb538f-372e-4b08-9814-d8a8ba746622,Emma,Cunningham,walter83@juarez.org,247157.97
c0caa9f3-5d9b-4c45-937a-50995f951f4f,Duane,Woods,kmercer@wagner.com,344165.78
43755619-3e35-4a59-a4e3-26523bedf057,Alison,Vargas,vcantu@norton.com,270858.67
9edd9629-5263-4686-8221-8c94bdde9fa6,Vernon,Kane,hilljesse@barrett.info,82720
b8486c25-2474-43ac-8163-0189809989c1,Lori,Flowers,tyrone77@valenzuela.info,272534.41
eb0e79f5-fac5-4121-a477-03f106fcb579,Nina,Chavez,elliserica@frank.com,76709.85
7ad37699-4a04-4ac0-9e49-fd92e0e75708,Shane,Foley,nsteele@sparks.com,239924.85
e3cc8bbd-aabb-4e26-a4cc-a3676632e9b7,Collin,Ayers,dudleyemily@gonzales.biz,397946.02
4e67dec5-3105-4749-9a28-5b1cce390b45,Sherry,Young,alan79@gates-mclaughlin.com,35784.4
71617aac-b497-43bd-abd3-81cbb8a48820,Darrell,Douglas,grayjean@lowery-good.com,253494.16
c0faf17e-f161-4eb8-87d9-83a6a1ad411b,Karl,Greer,hhart@jensen.com,74433.99
3a965919-3b9e-485a-b6d4-b99c12d43e97,Lynn,Atkinson,vkemp@ferrell.com,393404.2
31239dc4-6172-435e-98a6-1e28e43191fb,Fred,Guerra,swagner@kane.org,141045.49
7f58507f-3939-464e-a83a-7d0ef2a9b664,Yvonne,Farmer,mccarthystephen@horn-green.biz,350545
b950f198-abf8-4d0b-b355-7d31bafe4638,Clarence,Haynes,colleen91@faulkner.biz,253154.88
